"Control Number","Organization","Request Date","Status","Time Slot","Time Slot Index","Address","ID","City","State","Zip Code","Contact Last Name","Contact First Name","Proper Name","Phone","Secondary Phone","Email","Guardian","Total","Boys 0-2","Boys 0-2 Names","Girls 0-2","Girls 0-2 Names","Boys 3-6","Boys 3-6 Names","Girls 3-6","Girls 3-6 Names","Boys 7-11","Boys 7-11 Names","Girls 7-11","Girls 7-11 Names","Boys 12-16","Boys 12-16 Names","Girls 12-16","Girls 12-16 Names","Boys 17","Boys 17 Names","Girls 17","Girls 17 Names","Comments","Book","Page","Volunteer","R0","R1","R2","R3","R4","R5","R6","R7","R8","R9","Kids"
"604","Project Smile","11/19/2017","","10:00AM-Noon","1","5525 Irish Hill Dr.","Wingateellen5525 Irish Hill Dr.","Houston","Texas","77053","Wingate","Ellen","Wingate, Ellen","","","","","5","0","","0","","0","","0","","3","Christian, Jasean, Nathan","0","","1","Allen","0","","1","Dontrell","0","","","4","165","","Blue     Blue     Green   .        Boy 7-11: Christian","Blue     Blue     Green   .        Boy 7-11: Jasean","Blue     Blue     Green   .        Boy 7-11: Nathan","Blue     Blue     Green   .        Boy 12-16: Allen",".        .        .       GftCrd   Boy 17: Dontrell","","","","","","Christian, Jasean, Nathan, Allen, Dontrell"
"229","Project Smile","11/19/2017","","10:00AM-Noon","1","15807 Darton St.","Garrickmarva15807 Darton St.","Houston","Texas","77053","Garrick","Marva","Garrick, Marva","","","","","5","0","","1","Elizabeth","2","Jasen, Jeremiah","1","Jaelynn","1","Jordynn","0","","0","","0","","0","","0","","","2","113","","Blue     Blue     Green   .        Girl 0-2: Elizabeth","Blue     Blue     Green   .        Girl 3-6: Jaelynn","Blue     Blue     Green   .        Boy 3-6: Jasen","Blue     Blue     Green   .        Boy 3-6: Jeremiah","Blue     Blue     Green   .        Boy 7-11: Jordynn","","","","","","Elizabeth, Jaelynn, Jasen, Jeremiah, Jordynn"
"273","Project Smile","11/19/2017","","1:00PM-3:00PM","2","16202 Samoa Way","Jamesbrittany16202 Samoa Way","Houston","Texas","77053","James","Brittany","James, Brittany","","","","","2","0","","0","","1","Tracey","0","","1","Ethan","0","","0","","0","","0","","0","","","2","258","","Blue     Blue     Green   .        Boy 3-6: Tracey","Blue     Blue     Green   .        Boy 7-11: Ethan","","","","","","","","","Tracey, Ethan"
"S003","","","","3:00PM-5:00PM","3","16509 West Belfort Ln.","","Sugar Land","Texas","77498","Ozuna","Eula","Ozuna, Eula","(281)989-1959","","","","","0","","0","","0","","0","","2","Kameron, Tristen","2","Janey, Jayvana","0","","2","Synai, Marayle","2","Ozuna, Justin","0","","","Special","9","Martha Thompson","Blue     Blue     Green   .        Girl 7-11: Janey","Blue     Blue     Green   .        Girl 7-11: Jayvana","Blue     Blue     Green   .        Girl 12-16: Synai","Blue     Blue     Green   .        Girl 12-16: Marayle","Blue     Blue     Green   .        Boy 7-11: Kameron","Blue     Blue     Green   .        Boy 7-11: Tristen",".        .        .       GftCrd   Boy 17: Ozuna",".        .        .       GftCrd   Boy 17: Justin","","","Janey, Jayvana, Synai, Marayle, Kameron, Tristen, Ozuna, Justin"
"S004","","","","3:00PM-5:00PM","3","707 North 4th Street","","Richmond","Texas","77469","Green","Rolettia","Green, Rolettia","281-935-9996","","","","","0","","0","","0","","0","","1","Joe","0","","1","Roland","0","","0","","0","","","Special","5","Carolyn Tarver","Blue     Blue     Green   .        Boy 7-11: Joe","Blue     Blue     Green   .        Boy 12-16: Roland","","","","","","","","","Joe, Roland"
"S005","","","","3:00PM-5:00PM","3","1005 Walnut Street","","Rosenberg","Texas","77471","Ruiz","Maria","Ruiz, Maria","(832)372-4023","","","","","0","","0","","0","","0","","0","","0","","1","Martin","1","Rosa","0","","0","","","Special","11","Mary Valdez","Blue     Blue     Green   .        Girl 12-16: Rosa","Blue     Blue     Green   .        Boy 12-16: Martin","","","","","","","","","Rosa, Martin"
"S006","","","","3:00PM-5:00PM","3","12102 Herman Sulzak","","East Bernard","Texas","77435","Lopez","Emma","Lopez, Emma","(706)773-0553","","Emmalopez05@gmail.com","","","0","","0","","1","Fernando","0","","1","Juan Pablo","0","","0","","1","Ashley","0","","0","","","Special","6","Carolyn Tarver","Blue     Blue     Green   .        Girl 12-16: Ashley","Blue     Blue     Green   .        Boy 3-6: Fernando","Blue     Blue     Green   .        Boy 7-11: Juan Pablo","","","","","","","","Ashley, Fernando, Juan Pablo"
"S007","","","","3:00PM-5:00PM","3","402 Mcguire","","Arcola","Texas","77583","Maya","Sylvia","Maya, Sylvia","(832)495-2056","","Silviamaya@katyisd.org","","","0","","0","","0","","0","","0","","0","","1","Adolfo","0","","1","Alex","0","","","Special","7","Carolyn Tarver","Blue     Blue     Green   .        Boy 12-16: Adolfo",".        .        .       GftCrd   Boy 17: Alex","","","","","","","","","Adolfo, Alex"
"S008","","","","3:00PM-5:00PM","3","9622 Bristlebrook","","Houston","Texas","77083","Ramos","Maria","Ramos, Maria","281-512-0735","","","","","0","","0","","1","Jacobo","0","","1","Luis","0","","1","Jaime","0","","1","Orlando","0","","","Special","10","Carolyn Tarver","Blue     Blue     Green   .        Boy 3-6: Jacobo","Blue     Blue     Green   .        Boy 7-11: Luis","Blue     Blue     Green   .        Boy 12-16: Jaime",".        .        .       GftCrd   Boy 17: Orlando","","","","","","","Jacobo, Luis, Jaime, Orlando"
"S009","","","","3:00PM-5:00PM","3","4603 Kilmarnoch Way","","Missouri City","Texas","77489","Dorsey","Barbara","Dorsey, Barbara","(832)232-1115","","","","","0","","0","","0","","0","","0","","0","","3","Haywood, Travis, Le Travion","1","Courtney","0","","0","","","Special","4","Carolyn Tarver","Blue     Blue     Green   .        Girl 12-16: Courtney","Blue     Blue     Green   .        Boy 12-16: Haywood","Blue     Blue     Green   .        Boy 12-16: Travis","Blue     Blue     Green   .        Boy 12-16: Le Travion","","","","","","","Courtney, Haywood, Travis, Le Travion"
"S010","","","","3:00PM-5:00PM","3","15305 Tomasa St.","","Sugar Land","Texas","77498","Villareal","Daisy","Villareal, Daisy","(832)526-6646","","","","","0","","0","","0","","0","","0","","2","Marisela, Natalie","0","","1","Asusena","0","","0","","","Special","14","Carolyn Tarver","Blue     Blue     Green   .        Girl 7-11: Marisela","Blue     Blue     Green   .        Girl 7-11: Natalie","Blue     Blue     Green   .        Girl 12-16: Asusena","","","","","","","","Marisela, Natalie, Asusena"
"S011","","","","3:00PM-5:00PM","3","90981 Oak Chase","","Rosharon","Texas","77583","Zaragoza","Elvira","Zaragoza, Elvira","(832)282-1487","","","","","0","","1","Leah Cardona","0","","0","","0","","2","Katelyn, Alyson","0","","0","","0","","0","","","Special","15","Carolyn Tarver","Blue     Blue     Green   .        Girl 0-2: Leah Cardona","Blue     Blue     Green   .        Girl 7-11: Katelyn","Blue     Blue     Green   .        Girl 7-11: Alyson","","","","","","","","Leah Cardona, Katelyn, Alyson"
"S012","","","","3:00PM-5:00PM","3","15544 Petitt Rd.","","Sugar Land","Texas","77478","Medina","Marisa","Medina, Marisa","(281)919-4475","","","","","0","","0","","0","","0","","0","","1","Jaunita","3","Pedro, Cruzcody, Andrew","0","","0","","0","","","Special","8","Carolyn Tarver","Blue     Blue     Green   .        Girl 7-11: Jaunita","Blue     Blue     Green   .        Boy 12-16: Pedro","Blue     Blue     Green   .        Boy 12-16: Cruzcody","Blue     Blue     Green   .        Boy 12-16: Andrew","","","","","","","Jaunita, Pedro, Cruzcody, Andrew"
"S013","","","","3:00PM-5:00PM","3","13831 Lynnwood Lane","","Sugar Land","Texas","77498","Connealy","Mary","Connealy, Mary","(832)455-4348","","","","","0","","0","","1","John Adams","0","","2","Kobe, Kanye","5","Kiani, Hailey, Aliana, Malaina, Lilyanna","2","Kintrell, Branden","0","","0","","0","","","Special","1","Carolyn Tarver","Blue     Blue     Green   .        Girl 7-11: Kiani","Blue     Blue     Green   .        Girl 7-11: Hailey","Blue     Blue     Green   .        Girl 7-11: Aliana","Blue     Blue     Green   .        Girl 7-11: Malaina","Blue     Blue     Green   .        Girl 7-11: Lilyanna","Blue     Blue     Green   .        Boy 3-6: John Adams","Blue     Blue     Green   .        Boy 7-11: Kobe","Blue     Blue     Green   .        Boy 7-11: Kanye","Blue     Blue     Green   .        Boy 12-16: Kintrell","Blue     Blue     Green   .        Boy 12-16: Branden","Kiani, Hailey, Aliana, Malaina, Lilyanna, John Adams, Kobe, Kanye, Kintrell, Branden"
"S014","","","","3:00PM-5:00PM","3","4615 Ave H","","Rosenberg","Texas","77471","Diaz","Rosa","Diaz, Rosa","","","","","","0","","0","","0","","0","","1","Hilde","0","","0","","1","Evelin","0","","0","","","Special","3","Mary Valdez","Blue     Blue     Green   .        Girl 12-16: Evelin","Blue     Blue     Green   .        Boy 7-11: Hilde","","","","","","","","","Evelin, Hilde"
"S015","","","","3:00PM-5:00PM","3","1710 Louise St.","","Rosenberg","Texas","77471","Torres","Amy","Torres, Amy","(979)429-5315","","","","","0","","0","","0","","0","","1","Jesus","0","","1","Miguel","2","Anna Maria, Janie","0","","0","","","Special","13","Mary Valdez","Blue     Blue     Green   .        Girl 12-16: Anna Maria","Blue     Blue     Green   .        Girl 12-16: Janie","Blue     Blue     Green   .        Boy 7-11: Jesus","Blue     Blue     Green   .        Boy 12-16: Miguel","","","","","","","Anna Maria, Janie, Jesus, Miguel"
